<?xml version="1.0" encoding="UTF-8"?>
<project-private xmlns="http://www.netbeans.org/ns/project-private/1">
    <editor-bookmarks xmlns="http://www.netbeans.org/ns/editor-bookmarks/2" lastBookmarkId="0"/>
    <open-files xmlns="http://www.netbeans.org/ns/projectui-open-files/2">
        <group>
            <file>file:/C:/Users/Boyuan/OneDrive/Documents/practicum_SIT/ICT1004_LAB_7_wk09/login.php</file>
            <file>file:/C:/Users/Boyuan/OneDrive/Documents/practicum_SIT/ICT1004_LAB_7_wk09/register.php</file>
            <file>file:/C:/Users/Boyuan/OneDrive/Documents/practicum_SIT/ICT1004_LAB_7_wk09/nav.inc.php</file>
            <file>file:/C:/Users/Boyuan/OneDrive/Documents/practicum_SIT/ICT1004_LAB_7_wk09/process_register.php</file>
            <file>file:/C:/Users/Boyuan/OneDrive/Documents/practicum_SIT/ICT1004_LAB_7_wk09/process_login.php</file>
        </group>
    </open-files>
</project-private>
